{
  "n_samples": 16,
  "pca_explained_variance_ratio": [
    0.30794909596443176,
    0.18694813549518585,
    0.13838167488574982,
    0.10146550834178925,
    0.07242398709058762,
    0.0534990131855011,
    0.041789401322603226,
    0.03552335128188133,
    0.029169844463467598,
    0.018530836328864098
  ],
  "cumulative_variance": [
    0.30794909596443176,
    0.4948972314596176,
    0.6332789063453674,
    0.7347444146871567,
    0.8071684017777443,
    0.8606674149632454,
    0.9024568162858486,
    0.93798016756773,
    0.9671500120311975,
    0.9856808483600616
  ],
  "intrinsic_dimensionality_95pct": 9,
  "hypothesis_result": "MANIFOLD"
}