{
  "Authority": {
    "Authority": 1.0,
    "Expertise": -0.01812923327088356,
    "Certainty": -0.07887263596057892,
    "Helpfulness": 0.10712191462516785,
    "Dominance": 0.13527964055538177
  },
  "Expertise": {
    "Authority": -0.01812923327088356,
    "Expertise": 1.0,
    "Certainty": 0.7121294736862183,
    "Helpfulness": -0.039550259709358215,
    "Dominance": -0.35229459404945374
  },
  "Certainty": {
    "Authority": -0.07887263596057892,
    "Expertise": 0.7121294736862183,
    "Certainty": 1.0000001192092896,
    "Helpfulness": -0.1418841928243637,
    "Dominance": -0.5016840696334839
  },
  "Helpfulness": {
    "Authority": 0.10712191462516785,
    "Expertise": -0.039550259709358215,
    "Certainty": -0.1418841928243637,
    "Helpfulness": 0.9999998807907104,
    "Dominance": 0.02672097086906433
  },
  "Dominance": {
    "Authority": 0.13527964055538177,
    "Expertise": -0.35229459404945374,
    "Certainty": -0.5016840696334839,
    "Helpfulness": 0.02672097086906433,
    "Dominance": 0.9999998807907104
  }
}