{
  "OLS_R2": 0.03080761432647705,
  "Ridge_R2": 0.022855818271636963,
  "Interpretation": "Authority encodes variance not explained by generic epistemic dimensions."
}