{
  "-2.0": {
    "authority": {
      "hedging": {
        "mean": 0.003492063492063492,
        "std": 0.0053381497526349955
      },
      "certainty": {
        "mean": 0.005714285714285714,
        "std": 0.011625291062603526
      },
      "assertiveness": {
        "mean": 0.0011904761904761904,
        "std": 0.0035714285714285713
      },
      "politeness": {
        "mean": 0.0,
        "std": 0.0
      },
      "output_length_chars": {
        "mean": 416.1,
        "std": 117.13108041847816
      },
      "output_length_words": {
        "mean": 70.9,
        "std": 19.58290070444111
      },
      "type_token_ratio": {
        "mean": 0.8110779384358908,
        "std": 0.07440151760499158
      },
      "avg_sentence_length": {
        "mean": 19.28166666666667,
        "std": 18.42851421333557
      }
    },
    "random": {
      "hedging": {
        "mean": 0.0035361552028218696,
        "std": 0.005408807634072023
      },
      "certainty": {
        "mean": 0.005994397759103641,
        "std": 0.010534559307134119
      },
      "assertiveness": {
        "mean": 0.0011904761904761904,
        "std": 0.0035714285714285713
      },
      "politeness": {
        "mean": 0.0,
        "std": 0.0
      },
      "output_length_chars": {
        "mean": 424.5,
        "std": 120.14012651899448
      },
      "output_length_words": {
        "mean": 70.7,
        "std": 19.25123372669918
      },
      "type_token_ratio": {
        "mean": 0.824617361913291,
        "std": 0.06484002477882884
      },
      "avg_sentence_length": {
        "mean": 18.8175,
        "std": 15.33771515741507
      }
    }
  },
  "-1.0": {
    "authority": {
      "hedging": {
        "mean": 0.0023809523809523807,
        "std": 0.0047619047619047615
      },
      "certainty": {
        "mean": 0.0023809523809523807,
        "std": 0.007142857142857143
      },
      "assertiveness": {
        "mean": 0.0011904761904761904,
        "std": 0.0035714285714285713
      },
      "politeness": {
        "mean": 0.0,
        "std": 0.0
      },
      "output_length_chars": {
        "mean": 429.0,
        "std": 115.45648530940132
      },
      "output_length_words": {
        "mean": 72.1,
        "std": 19.17524445737264
      },
      "type_token_ratio": {
        "mean": 0.8256667106394453,
        "std": 0.07656058807282712
      },
      "avg_sentence_length": {
        "mean": 13.278333333333332,
        "std": 2.1671544322759586
      }
    },
    "random": {
      "hedging": {
        "mean": 0.002395295467584624,
        "std": 0.004790698292399186
      },
      "certainty": {
        "mean": 0.003851540616246499,
        "std": 0.00796751371902718
      },
      "assertiveness": {
        "mean": 0.0011904761904761904,
        "std": 0.0035714285714285713
      },
      "politeness": {
        "mean": 0.0,
        "std": 0.0
      },
      "output_length_chars": {
        "mean": 430.5,
        "std": 120.41864473577171
      },
      "output_length_words": {
        "mean": 71.5,
        "std": 18.953891421024867
      },
      "type_token_ratio": {
        "mean": 0.8240940500145729,
        "std": 0.06748344965198826
      },
      "avg_sentence_length": {
        "mean": 13.834047619047618,
        "std": 2.896665541360169
      }
    }
  },
  "-0.5": {
    "authority": {
      "hedging": {
        "mean": 0.0023809523809523807,
        "std": 0.0047619047619047615
      },
      "certainty": {
        "mean": 0.003851540616246499,
        "std": 0.00796751371902718
      },
      "assertiveness": {
        "mean": 0.0011904761904761904,
        "std": 0.0035714285714285713
      },
      "politeness": {
        "mean": 0.0,
        "std": 0.0
      },
      "output_length_chars": {
        "mean": 424.4,
        "std": 123.15940889757469
      },
      "output_length_words": {
        "mean": 70.7,
        "std": 19.152284459040388
      },
      "type_token_ratio": {
        "mean": 0.8330934104089872,
        "std": 0.060586256478510195
      },
      "avg_sentence_length": {
        "mean": 13.041666666666666,
        "std": 2.2760498188259803
      }
    },
    "random": {
      "hedging": {
        "mean": 0.0023809523809523807,
        "std": 0.0047619047619047615
      },
      "certainty": {
        "mean": 0.0023809523809523807,
        "std": 0.007142857142857143
      },
      "assertiveness": {
        "mean": 0.0011904761904761904,
        "std": 0.0035714285714285713
      },
      "politeness": {
        "mean": 0.0,
        "std": 0.0
      },
      "output_length_chars": {
        "mean": 434.2,
        "std": 119.53643795931013
      },
      "output_length_words": {
        "mean": 71.6,
        "std": 19.048359509417075
      },
      "type_token_ratio": {
        "mean": 0.8234624234624235,
        "std": 0.06961224086547892
      },
      "avg_sentence_length": {
        "mean": 19.385,
        "std": 18.35397088431335
      }
    }
  },
  "0.0": {
    "authority": {
      "hedging": {
        "mean": 0.0023809523809523807,
        "std": 0.0047619047619047615
      },
      "certainty": {
        "mean": 0.0023809523809523807,
        "std": 0.007142857142857143
      },
      "assertiveness": {
        "mean": 0.0011904761904761904,
        "std": 0.0035714285714285713
      },
      "politeness": {
        "mean": 0.0,
        "std": 0.0
      },
      "output_length_chars": {
        "mean": 437.9,
        "std": 126.4076342631251
      },
      "output_length_words": {
        "mean": 71.9,
        "std": 19.418805318556544
      },
      "type_token_ratio": {
        "mean": 0.8219912236806228,
        "std": 0.06517779002707566
      },
      "avg_sentence_length": {
        "mean": 19.47833333333333,
        "std": 18.363874636542985
      }
    },
    "random": {
      "hedging": {
        "mean": 0.0023809523809523807,
        "std": 0.0047619047619047615
      },
      "certainty": {
        "mean": 0.0023809523809523807,
        "std": 0.007142857142857143
      },
      "assertiveness": {
        "mean": 0.0011904761904761904,
        "std": 0.0035714285714285713
      },
      "politeness": {
        "mean": 0.0,
        "std": 0.0
      },
      "output_length_chars": {
        "mean": 437.9,
        "std": 126.4076342631251
      },
      "output_length_words": {
        "mean": 71.9,
        "std": 19.418805318556544
      },
      "type_token_ratio": {
        "mean": 0.8219912236806228,
        "std": 0.06517779002707566
      },
      "avg_sentence_length": {
        "mean": 19.47833333333333,
        "std": 18.363874636542985
      }
    }
  },
  "0.5": {
    "authority": {
      "hedging": {
        "mean": 0.0023809523809523807,
        "std": 0.0047619047619047615
      },
      "certainty": {
        "mean": 0.0023809523809523807,
        "std": 0.007142857142857143
      },
      "assertiveness": {
        "mean": 0.0011904761904761904,
        "std": 0.0035714285714285713
      },
      "politeness": {
        "mean": 0.0,
        "std": 0.0
      },
      "output_length_chars": {
        "mean": 442.9,
        "std": 122.91334345790126
      },
      "output_length_words": {
        "mean": 72.8,
        "std": 19.192706948213427
      },
      "type_token_ratio": {
        "mean": 0.8211224978118971,
        "std": 0.0683978675892528
      },
      "avg_sentence_length": {
        "mean": 19.628333333333334,
        "std": 18.295925548237964
      }
    },
    "random": {
      "hedging": {
        "mean": 0.0011904761904761904,
        "std": 0.0035714285714285713
      },
      "certainty": {
        "mean": 0.0024096385542168677,
        "std": 0.007228915662650603
      },
      "assertiveness": {
        "mean": 0.0012048192771084338,
        "std": 0.0036144578313253013
      },
      "politeness": {
        "mean": 0.0,
        "std": 0.0
      },
      "output_length_chars": {
        "mean": 438.0,
        "std": 126.47450335937279
      },