{
  "Cosine_with_Real_Authority": {
    "Label_Shuffle": 0.11744685498586174,
    "Blue": -0.10999464297022085,
    "Kitchen": 0.08981206950962907,
    "Happiness": -0.017662754480286237,
    "Vacation": -0.09215062342552073
  }
}